id,customer_name,comment
1,Sarah Jenkins,"Honestly, I was super skeptical after reading some mixed online forums, but it arrived two full days ahead of schedule. Setup took under 5 minutes because the app guided me step-by-step. When I ran into a minor Wi-Fi pairing query, live chat support responded almost instantly. Couldn't be happier!"
2,Michael Chang,"The physical build quality and materials feel sturdy enough for daily heavy use, but the legacy UI software looks like it was designed in 2008. Navigating through deep submenus to change simple settings is unnecessarily tedious, though it gets the job done once configured."
3,Elena Rostova,"Ordered this for our main office workflow, but after just three days of routine operation the device completely froze and refused to boot. To make matters worse, customer service took nearly two weeks of back-and-forth emails just to approve a basic return RMA. Extremely disappointing experience."
4,David Miller,"It performs basic functions exactly as advertised on the product landing page. Nothing particularly impressive or groundbreaking, but no major flaws either. Performs adequately for routine daily tasks."
5,Anna Schmidt,"I've been using this daily for over a month now and I'm genuinely blown away by the battery efficiency and sleek aesthetics. Seamlessly synced with all my devices on the first try. Hands down the best productivity purchase I've made all year!"
6,James Wilson,"The outer shipping carton looked like it had been crushed under heavy machinery during transit. Fortunately the internal foam padding prevented structural damage, but the logistics carrier definitely needs to handle fragile parcels with far more care."
7,Laura Martinez,"Ever since pushing the mandatory v2.4 firmware update yesterday, the system randomly crashes every 20-30 minutes during data export. Our team has lost hours of work. We urgently need a hotfix patch or a rollback option!"
8,Robert Taylor,"Super fast shipping and premium unboxing experience. The device itself performs reasonably well, although the battery drains noticeably faster when running multi-threaded workloads than what the marketing spec sheet claimed."
9,Emily Watson,"As someone who isn't tech-savvy at all, I was worried about installing this system. But the step-by-step video walkthrough made the entire onboarding process practically foolproof. Excellent value for the price point."
10,Alexei Smirnov,"While the core tool works fine, the lack of native cloud integration with Google Drive and Dropbox forces our team to manually export and re-upload files every day, which creates a huge bottleneck in our team's daily workflow."
11,Chloe Bennett,"Had a technical glitch with our account billing setup on a Sunday morning. Sent a ticket expecting a Monday response, but their support agent pinged me back in under 8 minutes and resolved everything right on the spot. Top tier service!"
12,Daniel Kim,"While the feature list is decent, charging $49/month puts this significantly above competing solutions that offer nearly identical capabilities and higher sub-user limits for half the cost."
13,Jessica Brown,"Switched over from a legacy platform last week and the difference in real-time syncing speed is night and day. Files update instantly across my laptop, tablet, and phone without any data collision."
14,Mark Johnson,"The included printed user manual feels like it was machine-translated word-for-word from another language. The instructions for initial calibration were contradictory, so I had to spend an hour troubleshooting it by trial and error."
15,Sophia Patel,"Overall it's a solid, reliable product that meets 90% of our daily requirements. A few minor software quirks here and there, but nothing that stops us from recommending it to colleagues."
